년,유형,국적,건수
2011,귀화,방글라데시,23
2011,귀화,미얀마,8
2011,귀화,캄보디아,488
2011,귀화,스리랑카,2
2011,귀화,중국,3219
2011,귀화,타이완,240
2011,귀화,홍콩,1
2011,귀화,한국계중국인,7730
2011,귀화,인도,3
2011,귀화,인도네시아,15
2011,귀화,이란,8
2011,귀화,이라크,1
2011,귀화,일본,45
2011,귀화,요르단,1
2011,귀화,카자흐스탄,12
2011,귀화,키르기스스탄,21
2011,귀화,말레이시아,1
2011,귀화,몽골,158
2011,귀화,네팔,12
2011,귀화,파키스탄,37
2011,귀화,필리핀,496
2011,귀화,태국,44
2011,귀화,투르크메니스탄,1
2011,귀화,우즈베키스탄,72
2011,귀화,베트남,3091
2011,귀화,미국,7
2011,귀화,아르헨티나,1
2011,귀화,콜롬비아,1
2011,귀화,과테말라,1
2011,귀화,멕시코,4
2011,귀화,니카라과,1
2011,귀화,파라과이,2
2011,귀화,페루,11
2011,귀화,벨로루시,2
2011,귀화,한국계러시아인,65
2011,귀화,루마니아,1
2011,귀화,러시아연방,246
2011,귀화,스위스,1
2011,귀화,우크라이나,2
2011,귀화,피지,1
2011,귀화,이집트,3
2011,귀화,에티오피아,1
2011,귀화,가나,1
2011,귀화,라이베리아,1
2011,귀화,모로코,3
2011,귀화,남아프리카공화국,1
2011,귀화,튀니지,1
2011,귀화,무국적,4
2011,국적회복,캄보디아,19
2011,국적회복,스리랑카,3
2011,국적회복,중국,80
2011,국적회복,타이완,62
2011,국적회복,홍콩,1
2011,국적회복,한국계중국인,573
2011,국적회복,인도네시아,3
2011,국적회복,이란,5
2011,국적회복,이스라엘,1
2011,국적회복,일본,39
2011,국적회복,카자흐스탄,3
2011,국적회복,키르기스스탄,5
2011,국적회복,라오스,1
2011,국적회복,말레이시아,2
2011,국적회복,몽골,17
2011,국적회복,네팔,1
2011,국적회복,필리핀,21
2011,국적회복,태국,23
2011,국적회복,우즈베키스탄,30
2011,국적회복,베트남,178
2011,국적회복,캐나다,100
2011,국적회복,미국,925
2011,국적회복,아르헨티나,12
2011,국적회복,볼리비아,2
2011,국적회복,브라질,7
2011,국적회복,도미니카공화국,1
2011,국적회복,에콰도르,1
2011,국적회복,온두라스,1
2011,국적회복,파라과이,6
2011,국적회복,베네수엘라,1
2011,국적회복,영국,5
2011,국적회복,프랑스,6
2011,국적회복,한국계러시아인,5
2011,국적회복,독일,38
2011,국적회복,그리스,2
2011,국적회복,이탈리아,1
2011,국적회복,네덜란드,3
2011,국적회복,루마니아,1
2011,국적회복,러시아연방,8
2011,국적회복,스웨덴,3
2011,국적회복,스위스,3
2011,국적회복,오스트레일리아,34
2011,국적회복,피지,6
2011,국적회복,뉴질랜드,15
2011,국적회복,모로코,1
2011,국적회복,탄자니아,1
2011,국적회복,무국적,8
2011,국적회복,기타,2
2012,귀화,방글라데시,14
2012,귀화,미얀마,5
2012,귀화,캄보디아,359
2012,귀화,스리랑카,4
2012,귀화,중국,1964
2012,귀화,한국계중국인,4217
2012,귀화,타이완,194
2012,귀화,인도,3
2012,귀화,인도네시아,7
2012,귀화,이란,3
2012,귀화,일본,24
2012,귀화,카자흐스탄,10
2012,귀화,키르기스스탄,16
2012,귀화,라오스,1
2012,귀화,몽골,106
2012,귀화,네팔,32
2012,귀화,파키스탄,17
2012,귀화,팔레스타인,1
2012,귀화,필리핀,332
2012,귀화,태국,59
2012,귀화,터키,2
2012,귀화,우즈베키스탄,70
2012,귀화,베트남,2964
2012,귀화,예멘공화국,1
2012,귀화,미국,9
2012,귀화,볼리비아,1
2012,귀화,도미니카공화국,1
2012,귀화,엘살바도르,1
2012,귀화,페루,5
2012,귀화,우루과이,2
2012,귀화,아르메니아,1
2012,귀화,아제르바이잔,1
2012,귀화,불가리아,1
2012,귀화,몰도바,1
2012,귀화,네덜란드,1
2012,귀화,러시아연방,42
2012,귀화,한국계러시아인,55
2012,귀화,우크라이나,2
2012,귀화,오스트레일리아,1
2012,귀화,앙골라,1
2012,귀화,이집트,1
2012,귀화,에티오피아,3
2012,귀화,모로코,2
2012,귀화,튀니지,1
2012,귀화,무국적,3
2012,국적회복,캄보디아,3
2012,국적회복,중국,11
2012,국적회복,한국계중국인,90
2012,국적회복,타이완,30
2012,국적회복,인도네시아,2
2012,국적회복,이란,8
2012,국적회복,일본,33
2012,국적회복,카자흐스탄,2
2012,국적회복,키르기스스탄,5
2012,국적회복,몽골,4
2012,국적회복,네팔,2
2012,국적회복,필리핀,7
2012,국적회복,싱가포르,1
2012,국적회복,태국,13
2012,국적회복,우즈베키스탄,5
2012,국적회복,베트남,47
2012,국적회복,미국,1405
2012,국적회복,캐나다,158
2012,국적회복,아르헨티나,16
2012,국적회복,벨리즈,1
2012,국적회복,브라질,10
2012,국적회복,과테말라,1
2012,국적회복,파라과이,7
2012,국적회복,페루,1
2012,국적회복,베네수엘라,1
2012,국적회복,오스트리아,2
2012,국적회복,벨기에,1
2012,국적회복,덴마크,1
2012,국적회복,영국,5
2012,국적회복,프랑스,9
2012,국적회복,독일,21
2012,국적회복,이탈리아,1
2012,국적회복,네덜란드,3
2012,국적회복,노르웨이,2
2012,국적회복,러시아연방,2
2012,국적회복,스페인,2
2012,국적회복,스웨덴,4
2012,국적회복,스위스,1
2012,국적회복,오스트레일리아,52
2012,국적회복,피지,2
2012,국적회복,뉴질랜드,6
2012,국적회복,케냐,1
2012,국적회복,남아프리카공화국,1
2012,국적회복,무국적,8
2013,귀화,방글라데시,22
2013,귀화,미얀마,6
2013,귀화,캄보디아,501
2013,귀화,스리랑카,5
2013,귀화,중국,1473
2013,귀화,한국계중국인,3907
2013,귀화,타이완,243
2013,귀화,홍콩,3
2013,귀화,인도,2
2013,귀화,인도네시아,4
2013,귀화,이란,13
2013,귀화,이라크,2
2013,귀화,일본,40
2013,귀화,요르단,1
2013,귀화,카자흐스탄,6
2013,귀화,키르기스스탄,20
2013,귀화,라오스,2
2013,귀화,몽골,112
2013,귀화,네팔,60
2013,귀화,파키스탄,33
2013,귀화,필리핀,524
2013,귀화,타지키스탄,1
2013,귀화,태국,79
2013,귀화,터키,1
2013,귀화,우즈베키스탄,90
2013,귀화,베트남,3952
2013,귀화,캐나다,3
2013,귀화,미국,3
2013,귀화,볼리비아,1
2013,귀화,엘살바도르,2
2013,귀화,과테말라,1
2013,귀화,멕시코,3
2013,귀화,페루,6
2013,귀화,아르메니아,2
2013,귀화,불가리아,1
2013,귀화,영국,1
2013,귀화,프랑스,1
2013,귀화,헝가리,1
2013,귀화,폴란드,1
2013,귀화,루마니아,2
2013,귀화,러시아연방,82
2013,귀화,한국계러시아인,39
2013,귀화,우크라이나,3
2013,귀화,오스트레일리아,2
2013,귀화,뉴질랜드,1
2013,귀화,콩고민주공화국,1
2013,귀화,이집트,1
2013,귀화,에티오피아,1
2013,귀화,모로코,4
2013,귀화,나이지리아,1
2013,귀화,우간다,1
2013,귀화,무국적,4
2013,국적회복,캄보디아,8
2013,국적회복,중국,109
2013,국적회복,한국계중국인,312
2013,국적회복,타이완,31
2013,국적회복,홍콩,1
2013,국적회복,인도네시아,5
2013,국적회복,이란,10
2013,국적회복,일본,44
2013,국적회복,키르기스스탄,3
2013,국적회복,몽골,11
2013,국적회복,필리핀,8
2013,국적회복,싱가포르,1
2013,국적회복,타지키스탄,1
2013,국적회복,태국,12
2013,국적회복,터키,1
2013,국적회복,우즈베키스탄,20
2013,국적회복,베트남,82
2013,국적회복,캐나다,223
2013,국적회복,미국,1584
2013,국적회복,아르헨티나,16
2013,국적회복,볼리비아,2
2013,국적회복,브라질,14
2013,국적회복,칠레,1
2013,국적회복,코스타리카,1
2013,국적회복,에콰도르,2
2013,국적회복,온두라스,1
2013,국적회복,파나마,1
2013,국적회복,파라과이,6
2013,국적회복,페루,1
2013,국적회복,우루과이,1
2013,국적회복,베네수엘라,1
2013,국적회복,오스트리아,1
2013,국적회복,벨기에,2
2013,국적회복,영국,1
2013,국적회복,프랑스,4
2013,국적회복,그루지야,1
2013,국적회복,독일,24
2013,국적회복,그리스,1
2013,국적회복,이탈리아,2
2013,국적회복,네덜란드,1
2013,국적회복,노르웨이,2
2013,국적회복,러시아연방,1
2013,국적회복,한국계러시아인,3
2013,국적회복,스페인,2
2013,국적회복,스웨덴,3
2013,국적회복,우크라이나,1
2013,국적회복,오스트레일리아,85
2013,국적회복,피지,4
2013,국적회복,뉴질랜드,21
2013,국적회복,사모아,1
2013,국적회복,바누아투,1
2013,국적회복,남아프리카공화국,2
2013,국적회복,무국적,10
2014,귀화,아프가니스탄,1
2014,귀화,방글라데시,31
2014,귀화,미얀마,8
2014,귀화,캄보디아,401
2014,귀화,스리랑카,3
2014,귀화,중국,1798
2014,귀화,한국계중국인,4852
2014,귀화,타이완,231
2014,귀화,홍콩,4
2014,귀화,인도,18
2014,귀화,인도네시아,8
2014,귀화,이란,6
2014,귀화,일본,30
2014,귀화,카자흐스탄,13
2014,귀화,키르기스스탄,24
2014,귀화,라오스,4
2014,귀화,몽골,120
2014,귀화,네팔,66
2014,귀화,파키스탄,39
2014,귀화,필리핀,392
2014,귀화,태국,71
2014,귀화,터키,4
2014,귀화,우즈베키스탄,80
2014,귀화,베트남,2977
2014,귀화,캐나다,4
2014,귀화,미국,10
2014,귀화,브라질,1
2014,귀화,과테말라,1
2014,귀화,온두라스,1
2014,귀화,파라과이,1
2014,귀화,페루,6
2014,귀화,벨기에,1
2014,귀화,벨로루시,1
2014,귀화,독일,3
2014,귀화,이탈리아,1
2014,귀화,폴란드,2
2014,귀화,루마니아,1
2014,귀화,러시아연방,66
2014,귀화,한국계러시아인,19
2014,귀화,스웨덴,1
2014,귀화,우크라이나,2
2014,귀화,에티오피아,2
2014,귀화,코트디부아르,1
2014,귀화,모로코,3
2014,귀화,수단,1
2014,귀화,튀니지,1
2014,귀화,우간다,1
2014,귀화,기타소계무국적등,3
2014,국적회복,방글라데시,1
2014,국적회복,캄보디아,3
2014,국적회복,중국,132
2014,국적회복,한국계중국인,270
2014,국적회복,타이완,55
2014,국적회복,인도네시아,9
2014,국적회복,이란,4
2014,국적회복,일본,52
2014,국적회복,카자흐스탄,1
2014,국적회복,키르기스스탄,3
2014,국적회복,라오스,1
2014,국적회복,몽골,13
2014,국적회복,파키스탄,1
2014,국적회복,필리핀,8
2014,국적회복,태국,13
2014,국적회복,우즈베키스탄,16
2014,국적회복,베트남,67
2014,국적회복,캐나다,246
2014,국적회복,미국,1754
2014,국적회복,아르헨티나,9
2014,국적회복,볼리비아,1
2014,국적회복,브라질,15
2014,국적회복,코스타리카,1
2014,국적회복,에콰도르,1
2014,국적회복,온두라스,1
2014,국적회복,파라과이,8
2014,국적회복,수리남,4
2014,국적회복,베네수엘라,2
2014,국적회복,오스트리아,1
2014,국적회복,벨기에,1
2014,국적회복,영국,4
2014,국적회복,프랑스,7
2014,국적회복,독일,24
2014,국적회복,이탈리아,2
2014,국적회복,네덜란드,2
2014,국적회복,노르웨이,2
2014,국적회복,러시아연방,7
2014,국적회복,한국계러시아인,1
2014,국적회복,스페인,2
2014,국적회복,스웨덴,4
2014,국적회복,스위스,2
2014,국적회복,우크라이나,2
2014,국적회복,오스트레일리아,95
2014,국적회복,피지,5
2014,국적회복,뉴질랜드,22
2014,국적회복,중앙아프리카공화국,1
2014,국적회복,케냐,1
2014,국적회복,모로코,1
2014,국적회복,기타소계무국적등},9
2015,귀화,아프가니스탄,1
2015,귀화,방글라데시,15
2015,귀화,미얀마,6
2015,귀화,캄보디아,406
2015,귀화,스리랑카,3
2015,귀화,중국,1537
2015,귀화,한국계중국인,4940
2015,귀화,타이완,427
2015,귀화,홍콩,1
2015,귀화,인도,6
2015,귀화,인도네시아,1
2015,귀화,이란,6
2015,귀화,일본,44
2015,귀화,요르단,5
2015,귀화,카자흐스탄,5
2015,귀화,키르기스스탄,29
2015,귀화,라오스,2
2015,귀화,몽골,101
2015,귀화,네팔,70
2015,귀화,파키스탄,24
2015,귀화,필리핀,280
2015,귀화,시리아,1
2015,귀화,태국,45
2015,귀화,터키,3
2015,귀화,우즈베키스탄,81
2015,귀화,베트남,2722
2015,귀화,예멘공화국,1
2015,귀화,캐나다,5
2015,귀화,미국,6
2015,귀화,브라질,1
2015,귀화,멕시코,1
2015,귀화,페루,5
2015,귀화,알바니아,1
2015,귀화,프랑스,1
2015,귀화,한국계러시아인,38
2015,귀화,독일,2
2015,귀화,이탈리아,1
2015,귀화,몰도바,1
2015,귀화,루마니아,2
2015,귀화,러시아연방,82
2015,귀화,우크라이나,2
2015,귀화,통가,1
2015,귀화,카메룬,2
2015,귀화,에티오피아,1
2015,귀화,코트디부아르,2
2015,귀화,모로코,3
2015,귀화,나이지리아,1
2015,귀화,남아프리카공화국,1
2015,귀화,무국적,3
2015,국적회복,방글라데시,2
2015,국적회복,캄보디아,6
2015,국적회복,중국,35
2015,국적회복,한국계중국인,158
2015,국적회복,타이완,51
2015,국적회복,홍콩,1
2015,국적회복,인도네시아,8
2015,국적회복,이란,7
2015,국적회복,일본,49
2015,국적회복,카자흐스탄,1
2015,국적회복,키르기스스탄,4
2015,국적회복,몽골,10
2015,국적회복,네팔,1
2015,국적회복,필리핀,6
2015,국적회복,타지키스탄,1
2015,국적회복,태국,5
2015,국적회복,터키,1
2015,국적회복,우즈베키스탄,28
2015,국적회복,베트남,47
2015,국적회복,캐나다,297
2015,국적회복,미국,1665
2015,국적회복,아르헨티나,12
2015,국적회복,볼리비아,1
2015,국적회복,브라질,16
2015,국적회복,에콰도르,4
2015,국적회복,멕시코,2
2015,국적회복,파라과이,5
2015,국적회복,페루,1
2015,국적회복,베네수엘라,3
2015,국적회복,오스트리아,2
2015,국적회복,벨기에,1
2015,국적회복,영국,7
2015,국적회복,프랑스,7
2015,국적회복,독일,28
2015,국적회복,아일랜드,1
2015,국적회복,이탈리아,1
2015,국적회복,네덜란드,1
2015,국적회복,노르웨이,1
2015,국적회복,러시아연방,5
2015,국적회복,스페인,2
2015,국적회복,스웨덴,4
2015,국적회복,오스트레일리아,95
2015,국적회복,피지,3
2015,국적회복,뉴질랜드,17
2015,국적회복,바누아투,1
2015,국적회복,에리트레아,1
2015,국적회복,레소토,1
2015,국적회복,무국적,4
2016,귀화,아프가니스탄,1
2016,귀화,방글라데시,13
2016,귀화,미얀마,5
2016,귀화,캄보디아,476
2016,귀화,스리랑카,4
2016,귀화,중국,1632
2016,귀화,타이완,270
2016,귀화,홍콩,2
2016,귀화,한국계중국인,3494
2016,귀화,인도,2
2016,귀화,인도네시아,3
2016,귀화,이란,6
2016,귀화,이라크,1
2016,귀화,일본,35
2016,귀화,요르단,1
2016,귀화,카자흐스탄,4
2016,귀화,키르기스스탄,34
2016,귀화,라오스,6
2016,귀화,말레이시아,2
2016,귀화,몽골,107
2016,귀화,네팔,65
2016,귀화,파키스탄,33
2016,귀화,필리핀,337
2016,귀화,태국,41
2016,귀화,터키,3
2016,귀화,우즈베키스탄,62
2016,귀화,베트남,3289
2016,귀화,캐나다,2
2016,귀화,미국,7
2016,귀화,멕시코,1
2016,귀화,페루,2
2016,귀화,아르메니아,1
2016,귀화,벨기에,1
2016,귀화,불가리아,1
2016,귀화,벨로루시,2
2016,귀화,영국,2
2016,귀화,한국계러시아인,37
2016,귀화,독일,1
2016,귀화,아일랜드,1
2016,귀화,몰도바,2
2016,귀화,러시아연방,92
2016,귀화,스위스,1
2016,귀화,우크라이나,8
2016,귀화,에티오피아,3
2016,귀화,모로코,3
2016,귀화,니제르,1
2016,귀화,남아프리카공화국,1
2016,귀화,수단,2
2016,귀화,무국적,9
2016,국적회복,캄보디아,6
2016,국적회복,중국,14
2016,국적회복,타이완,27
2016,국적회복,한국계중국인,99
2016,국적회복,인도네시아,4
2016,국적회복,이란,1
2016,국적회복,일본,31
2016,국적회복,키르기스스탄,2
2016,국적회복,라오스,1
2016,국적회복,몽골,7
2016,국적회복,필리핀,3
2016,국적회복,태국,5
2016,국적회복,우즈베키스탄,19
2016,국적회복,베트남,56
2016,국적회복,캐나다,286
2016,국적회복,미국,1486
2016,국적회복,아르헨티나,9
2016,국적회복,볼리비아,2
2016,국적회복,브라질,21
2016,국적회복,칠레,1
2016,국적회복,에콰도르,1
2016,국적회복,멕시코,2
2016,국적회복,파라과이,7
2016,국적회복,페루,1
2016,국적회복,수리남,1
2016,국적회복,베네수엘라,2
2016,국적회복,벨기에,1
2016,국적회복,덴마크,1
2016,국적회복,영국,15
2016,국적회복,프랑스,1
2016,국적회복,독일,31
2016,국적회복,그리스,1
2016,국적회복,이탈리아,1
2016,국적회복,네덜란드,3
2016,국적회복,노르웨이,1
2016,국적회복,러시아연방,2
2016,국적회복,스페인,1
2016,국적회복,스웨덴,3
2016,국적회복,스위스,1
2016,국적회복,우크라이나,1
2016,국적회복,오스트레일리아,102
2016,국적회복,피지,2
2016,국적회복,뉴질랜드,31
2016,국적회복,우간다,1
2016,국적회복,무국적,10
2017,귀화,중국,4781
2017,귀화,방글라데시,29
2017,귀화,미얀마,3
2017,귀화,캄보디아,389
2017,귀화,스리랑카,3
2017,귀화,타이완,211
2017,귀화,홍콩,1
2017,귀화,인도,13
2017,귀화,인도네시아,6
2017,귀화,이란,15
2017,귀화,이라크,3
2017,귀화,일본,29
2017,귀화,요르단,3
2017,귀화,카자흐스탄,8
2017,귀화,키르기즈,22
2017,귀화,라오스,1
2017,귀화,몽골,93
2017,귀화,네팔,68
2017,귀화,파키스탄,51
2017,귀화,필리핀,359
2017,귀화,시리아,1
2017,귀화,타지키스탄,3
2017,귀화,태국,52
2017,귀화,터키,7
2017,귀화,투르크메니스탄,1
2017,귀화,우즈베키스탄,48
2017,귀화,베트남,3742
2017,귀화,캐나다,3
2017,귀화,미국,8
2017,귀화,콜롬비아,1
2017,귀화,쿠바,1
2017,귀화,과테말라,2
2017,귀화,멕시코,1
2017,귀화,러시아연방,87
2017,귀화,알바니아,3
2017,귀화,벨로루시,3
2017,귀화,영국,1
2017,귀화,프랑스,1
2017,귀화,아일랜드,1
2017,귀화,몰도바,1
2017,귀화,루마니아,1
2017,귀화,우크라이나,4
2017,귀화,알제리,1
2017,귀화,카메룬,3
2017,귀화,콩고민주공화국,1
2017,귀화,이집트,1
2017,귀화,적도기니,1
2017,귀화,에티오피아,3
2017,귀화,마다가스카르,1
2017,귀화,모로코,3
2017,귀화,니제르,1
2017,귀화,나이지리아,1
2017,귀화,기타,10
2017,국적회복,중국,245
2017,국적회복,캄보디아,4
2017,국적회복,타이완,36
2017,국적회복,홍콩,1
2017,국적회복,인도네시아,10
2017,국적회복,이란,3
2017,국적회복,일본,38
2017,국적회복,카자흐스탄,1
2017,국적회복,키르기즈,1
2017,국적회복,말레이시아,1
2017,국적회복,몽골,17
2017,국적회복,필리핀,7
2017,국적회복,태국,4
2017,국적회복,터키,1
2017,국적회복,우즈베키스탄,27
2017,국적회복,베트남,57
2017,국적회복,캐나다,356
2017,국적회복,미국,1655
2017,국적회복,아르헨티나,10
2017,국적회복,볼리비아,1
2017,국적회복,브라질,30
2017,국적회복,과테말라,1
2017,국적회복,멕시코,4
2017,국적회복,파나마,1
2017,국적회복,파라과이,5
2017,국적회복,베네수엘라,1
2017,국적회복,러시아연방,7
2017,국적회복,오스트리아,2
2017,국적회복,벨기에,3
2017,국적회복,덴마크,1
2017,국적회복,영국,10
2017,국적회복,프랑스,5
2017,국적회복,독일,43
2017,국적회복,그리스,1
2017,국적회복,이탈리아,2
2017,국적회복,네덜란드,2
2017,국적회복,포르투갈,2
2017,국적회복,스페인,4
2017,국적회복,스웨덴,2
2017,국적회복,스위스,3
2017,국적회복,우크라이나,1
2017,국적회복,오스트레일리아,112
2017,국적회복,피지,6
2017,국적회복,뉴질랜드,35
2017,국적회복,카메룬,1
2017,국적회복,케냐,1
2017,국적회복,레소토,1
2017,국적회복,마다가스카르,1
2017,국적회복,남아프리카공화국,2
2017,국적회복,기타,11
2018,귀화,아프가니스탄,1
2018,귀화,방글라데시,31
2018,귀화,미얀마,6
2018,귀화,캄보디아,428
2018,귀화,스리랑카,1
2018,귀화,중국,4838
2018,귀화,타이완,223
2018,귀화,홍콩,3
2018,귀화,인도,3
2018,귀화,인도네시아,3
2018,귀화,이란,8
2018,귀화,이라크,2
2018,귀화,일본,17
2018,귀화,요르단,2
2018,귀화,카자흐스탄,17
2018,귀화,키르기즈,31
2018,귀화,라오스,7
2018,귀화,말레이시아,1
2018,귀화,몽골,99
2018,귀화,네팔,84
2018,귀화,파키스탄,42
2018,귀화,필리핀,597
2018,귀화,태국,58
2018,귀화,터키,6
2018,귀화,우즈베키스탄,72
2018,귀화,베트남,4849
2018,귀화,캐나다,1
2018,귀화,미국,5
2018,귀화,브라질,4
2018,귀화,쿠바,5
2018,귀화,파라과이,1
2018,귀화,페루,7
2018,귀화,베네수엘라,1
2018,귀화,아르메니아,1
2018,귀화,벨로루시,1
2018,귀화,핀란드,1
2018,귀화,프랑스,1
2018,귀화,코소보,1
2018,귀화,네덜란드,1
2018,귀화,러시아연방,66
2018,귀화,우크라이나,1
2018,귀화,알제리,2
2018,귀화,카메룬,1
2018,귀화,콩고민주공화국,2
2018,귀화,이집트,1
2018,귀화,에티오피아,3
2018,귀화,케냐,1
2018,귀화,마다가스카르,1
2018,귀화,모로코,6
2018,귀화,니제르,3
2018,귀화,나이지리아,2
2018,귀화,남아프리카공화국,1
2018,귀화,수단,1
2018,귀화,우간다,1
2018,귀화,기타,5
2018,국적회복,방글라데시,1
2018,국적회복,캄보디아,5
2018,국적회복,중국,144
2018,국적회복,타이완,49
2018,국적회복,인도네시아,13
2018,국적회복,이란,9
2018,국적회복,일본,53
2018,국적회복,카자흐스탄,1
2018,국적회복,키르기즈,3
2018,국적회복,몽골,14
2018,국적회복,파키스탄,2
2018,국적회복,필리핀,7
2018,국적회복,태국,5
2018,국적회복,우즈베키스탄,12
2018,국적회복,베트남,45
2018,국적회복,캐나다,334
2018,국적회복,미국,1681
2018,국적회복,아르헨티나,15
2018,국적회복,벨리즈,1
2018,국적회복,브라질,28
2018,국적회복,칠레,2
2018,국적회복,에콰도르,1
2018,국적회복,멕시코,2
2018,국적회복,파라과이,7
2018,국적회복,베네수엘라,1
2018,국적회복,오스트리아,4
2018,국적회복,벨기에,1
2018,국적회복,영국,19
2018,국적회복,핀란드,1
2018,국적회복,프랑스,3
2018,국적회복,독일,36
2018,국적회복,이탈리아,2
2018,국적회복,네덜란드,3
2018,국적회복,러시아연방,8
2018,국적회복,스페인,8
2018,국적회복,스웨덴,3
2018,국적회복,스위스,5
2018,국적회복,오스트레일리아,116
2018,국적회복,피지,5
2018,국적회복,뉴질랜드,35
2018,국적회복,파푸아뉴기니,1
2018,국적회복,남아프리카공화국,2
2018,국적회복,스와질란드,1
2018,국적회복,기타,10
2019,귀화,네팔,57
2019,귀화,라오스,7
2019,귀화,말레이시아,2
2019,귀화,몽골,102
2019,귀화,미얀마,3
2019,귀화,방글라데시,17
2019,귀화,베트남,3867
2019,귀화,스리랑카,6
2019,귀화,요르단,1
2019,귀화,우즈베키스탄,78
2019,귀화,이라크,8
2019,귀화,이란,6
2019,귀화,인도,5
2019,귀화,인도네시아,4
2019,귀화,일본,14
2019,귀화,중국,1282
2019,귀화,한국계중국인,3089
2019,귀화,카자흐스탄,18
2019,귀화,캄보디아,334
2019,귀화,키르기즈,21
2019,귀화,태국,52
2019,귀화,타이완,307
2019,귀화,타지키스탄,2
2019,귀화,터키,12
2019,귀화,투르크메니스탄,3
2019,귀화,파키스탄,48
2019,귀화,필리핀,423
2019,귀화,홍콩,1
2019,귀화,미국,6
2019,귀화,캐나다,1
2019,귀화,니카라과,1
2019,귀화,콜롬비아,1
2019,귀화,쿠바,1
2019,귀화,파라과이,1
2019,귀화,페루,4
2019,귀화,덴마크,1
2019,귀화,러시아연방,52
2019,귀화,루마니아,2
2019,귀화,몰도바,1
2019,귀화,벨로루시,2
2019,귀화,아르메니아,4
2019,귀화,우크라이나,7
2019,귀화,조지아,1
2019,귀화,프랑스,1
2019,귀화,핀란드,1
2019,귀화,한국계러시아인,45
2019,귀화,뉴질랜드,1
2019,귀화,오스트레일리아,1
2019,귀화,남아프리카공화국,1
2019,귀화,마다가스카르,1
2019,귀화,말리,1
2019,귀화,모로코,2
2019,귀화,알제리,1
2019,귀화,에티오피아,1
2019,귀화,이집트,1
2019,귀화,무국적,3
2019,국적회복,라오스,2
2019,국적회복,몽골,6
2019,국적회복,미얀마,1
2019,국적회복,베트남,39
2019,국적회복,우즈베키스탄,6
2019,국적회복,이란,3
2019,국적회복,인도네시아,9
2019,국적회복,일본,41
2019,국적회복,중국,38
2019,국적회복,한국계중국인,143
2019,국적회복,카자흐스탄,1
2019,국적회복,캄보디아,5
2019,국적회복,태국,3
2019,국적회복,타이완,77
2019,국적회복,터키,3
2019,국적회복,필리핀,11
2019,국적회복,홍콩,1
2019,국적회복,미국,1476
2019,국적회복,캐나다,277
2019,국적회복,베네수엘라,3
2019,국적회복,브라질,12
2019,국적회복,아르헨티나,7
2019,국적회복,에콰도르,1
2019,국적회복,온두라스,1
2019,국적회복,자메이카,1
2019,국적회복,코스타리카,1
2019,국적회복,파라과이,7
2019,국적회복,네덜란드,1
2019,국적회복,노르웨이,1
2019,국적회복,덴마크,3
2019,국적회복,독일,36
2019,국적회복,러시아연방,5
2019,국적회복,벨기에,1
2019,국적회복,스웨덴,5
2019,국적회복,스위스,5
2019,국적회복,스페인,1
2019,국적회복,아일랜드,1
2019,국적회복,영국,12
2019,국적회복,영국외지민,1
2019,국적회복,오스트리아,2
2019,국적회복,우크라이나,1
2019,국적회복,이탈리아,2
2019,국적회복,프랑스,8
2019,국적회복,한국계러시아인,8
2019,국적회복,뉴질랜드,33
2019,국적회복,마샬군도,1
2019,국적회복,오스트레일리아,121
2019,국적회복,피지,4
2019,국적회복,남아프리카공화국,1
2019,국적회복,앙골라,1
2019,국적회복,무국적,14
2020,귀화,네팔,60
2020,귀화,라오스,13
2020,귀화,레바논,1
2020,귀화,몽골,145
2020,귀화,미얀마,18
2020,귀화,방글라데시,59
2020,귀화,베트남,4076
2020,귀화,스리랑카,3
2020,귀화,시리아,3
2020,귀화,아프가니스탄,7
2020,귀화,예멘공화국,2
2020,귀화,요르단,2
2020,귀화,우즈베키스탄,138
2020,귀화,이라크,1
2020,귀화,이란,9
2020,귀화,이스라엘,1
2020,귀화,인도,18
2020,귀화,인도네시아,5
2020,귀화,일본,15
2020,귀화,중국,1901
2020,귀화,카자흐스탄,22
2020,귀화,캄보디아,302
2020,귀화,키르기즈,55
2020,귀화,태국,68
2020,귀화,타이완,361
2020,귀화,터키,19
2020,귀화,투르크메니스탄,1
2020,귀화,파키스탄,26
2020,귀화,팔레스타인,1
2020,귀화,필리핀,375
2020,귀화,한국계중국인,6031
2020,귀화,홍콩,4
2020,귀화,미국,11
2020,귀화,캐나다,1
2020,귀화,멕시코,1
2020,귀화,브라질,2
2020,귀화,엘살바도르,1
2020,귀화,자메이카,1
2020,귀화,쿠바,2
2020,귀화,페루,1
2020,귀화,독일,2
2020,귀화,러시아연방,42
2020,귀화,벨로루시,2
2020,귀화,보스니아헤르체고비나,1
2020,귀화,불가리아,1
2020,귀화,아르메니아,1
2020,귀화,아제르바이잔,1
2020,귀화,영국,1
2020,귀화,오스트리아,1
2020,귀화,우크라이나,9
2020,귀화,체코,1
2020,귀화,폴란드,1
2020,귀화,프랑스,1
2020,귀화,한국계러시아인,35
2020,귀화,헝가리,1
2020,귀화,뉴질랜드,1
2020,귀화,가나,1
2020,귀화,모로코,5
2020,귀화,알제리,1
2020,귀화,에티오피아,3
2020,귀화,이집트,1
2020,귀화,콩고민주공화국,3
2020,귀화,튀니지,3
2020,귀화,기타,5
2020,국적회복,몽골,10
2020,국적회복,베트남,29
2020,국적회복,우즈베키스탄,8
2020,국적회복,이란,3
2020,국적회복,인도네시아,5
2020,국적회복,일본,54
2020,국적회복,중국,23
2020,국적회복,카자흐스탄,1
2020,국적회복,캄보디아,3
2020,국적회복,키르기즈,2
2020,국적회복,태국,7
2020,국적회복,타이완,53
2020,국적회복,타지키스탄,1
2020,국적회복,필리핀,7
2020,국적회복,한국계중국인,97
2020,국적회복,미국,1057
2020,국적회복,캐나다,221
2020,국적회복,멕시코,2
2020,국적회복,브라질,10
2020,국적회복,수리남,1
2020,국적회복,아르헨티나,6
2020,국적회복,에콰도르,1
2020,국적회복,파라과이,5
2020,국적회복,네덜란드,1
2020,국적회복,독일,16
2020,국적회복,러시아연방,6
2020,국적회복,스웨덴,4
2020,국적회복,스위스,5
2020,국적회복,스페인,3
2020,국적회복,영국,11
2020,국적회복,오스트리아,1
2020,국적회복,이탈리아,1
2020,국적회복,체코,1
2020,국적회복,프랑스,4
2020,국적회복,한국계러시아인,13
2020,국적회복,헝가리,1
2020,국적회복,뉴질랜드,13
2020,국적회복,오스트레일리아,63
2020,국적회복,피지,2
2020,국적회복,남아프리카공화국,1
2020,국적회복,마다가스카르,1
2020,국적회복,모로코,1
2020,국적회복,에티오피아,1
2020,국적회복,이집트,1
2020,국적회복,기타,8
2021,귀화,네팔,23
2021,귀화,라오스,6
2021,귀화,말레이시아,3
2021,귀화,몽골,103
2021,귀화,미얀마,7
2021,귀화,방글라데시,25
2021,귀화,베트남,"4,225"
2021,귀화,스리랑카,4
2021,귀화,아프가니스탄,3
2021,귀화,우즈베키스탄,97
2021,귀화,이라크,8
2021,귀화,이란,12
2021,귀화,인도,6
2021,귀화,인도네시아,3
2021,귀화,일본,20
2021,귀화,중국,"2,257"
2021,귀화,카자흐스탄,16
2021,귀화,캄보디아,263
2021,귀화,키르기즈,26
2021,귀화,태국,78
2021,귀화,타이완,404
2021,귀화,타지키스탄,1
2021,귀화,터키,11
2021,귀화,파키스탄,34
2021,귀화,필리핀,241
2021,귀화,한국계중국인,"2,888"
2021,귀화,홍콩,3
2021,귀화,미국,9
2021,귀화,캐나다,2
2021,귀화,멕시코,1
2021,귀화,엘살바도르,1
2021,귀화,자메이카,2
2021,귀화,쿠바,4
2021,귀화,페루,1
2021,귀화,러시아(연방),50
2021,귀화,몰도바,1
2021,귀화,벨기에,1
2021,귀화,벨로루시,1
2021,귀화,스웨덴,1
2021,귀화,아일랜드,1
2021,귀화,아제르바이잔,1
2021,귀화,영국,1
2021,귀화,우크라이나,4
2021,귀화,폴란드,2
2021,귀화,한국계러시아인,24
2021,귀화,뉴질랜드,1
2021,귀화,남아프리카공화국,2
2021,귀화,모로코,5
2021,귀화,알제리,2
2021,귀화,에티오피아,1
2021,귀화,이집트,5
2021,귀화,카메룬,2
2021,국적회복,몽골,3
2021,국적회복,방글라데시,1
2021,국적회복,베트남,14
2021,국적회복,싱가포르,3
2021,국적회복,우즈베키스탄,12
2021,국적회복,이란,6
2021,국적회복,인도네시아,12
2021,국적회복,일본,86
2021,국적회복,중국,45
2021,국적회복,카자흐스탄,1
2021,국적회복,캄보디아,4
2021,국적회복,태국,6
2021,국적회복,타이완,60
2021,국적회복,필리핀,25
2021,국적회복,한국계중국인,140
2021,국적회복,홍콩,1
2021,국적회복,미국,"1,722"
2021,국적회복,캐나다,354
2021,국적회복,멕시코,3
2021,국적회복,볼리비아,3
2021,국적회복,브라질,17
2021,국적회복,아르헨티나,6
2021,국적회복,에콰도르,2
2021,국적회복,자메이카,1
2021,국적회복,칠레,1
2021,국적회복,파나마,1
2021,국적회복,파라과이,5
2021,국적회복,네덜란드,6
2021,국적회복,덴마크,1
2021,국적회복,독일,15
2021,국적회복,러시아(연방),5
2021,국적회복,벨기에,1
2021,국적회복,스웨덴,8
2021,국적회복,스위스,5
2021,국적회복,스페인,4
2021,국적회복,영국,22
2021,국적회복,영국외지민,1
2021,국적회복,오스트리아,2
2021,국적회복,이탈리아,1
2021,국적회복,폴란드,1
2021,국적회복,프랑스,6
2021,국적회복,한국계러시아인,6
2021,국적회복,뉴질랜드,45
2021,국적회복,오스트레일리아,63
2021,국적회복,피지,7
2021,국적회복,가봉,1
2021,국적회복,남아프리카공화국,4
2021,국적회복,모로코,1
2021,국적회복,짐바브웨,1
2022,귀화,네팔,26
2022,귀화,라오스,9
2022,귀화,마카오,1
2022,귀화,몽골,60
2022,귀화,미얀마,7
2022,귀화,방글라데시,17
2022,귀화,베트남,4431
2022,귀화,스리랑카,4
2022,귀화,아프가니스탄,2
2022,귀화,예멘공화국,2
2022,귀화,요르단,2
2022,귀화,우즈베키스탄,119
2022,귀화,이란,10
2022,귀화,이스라엘,1
2022,귀화,인도,9
2022,귀화,인도네시아,5
2022,귀화,일본,30
2022,귀화,중국,1809
2022,귀화,카자흐스탄,28
2022,귀화,캄보디아,258
2022,귀화,키르기즈,21
2022,귀화,태국,89
2022,귀화,타이완,248
2022,귀화,튀르키예,8
2022,귀화,파키스탄,26
2022,귀화,필리핀,203
2022,귀화,한국계중국인,2671
2022,귀화,홍콩,6
2022,귀화,미국,12
2022,귀화,캐나다,1
2022,귀화,베네수엘라,1
2022,귀화,브라질,1
2022,귀화,아르헨티나,2
2022,귀화,페루,2
2022,귀화,독일,2
2022,귀화,러시아(연방),67
2022,귀화,루마니아,4
2022,귀화,세르비아,1
2022,귀화,스웨덴,1
2022,귀화,스위스,1
2022,귀화,아일랜드,1
2022,귀화,아제르바이잔,1
2022,귀화,영국,3
2022,귀화,우크라이나,6
2022,귀화,폴란드,1
2022,귀화,프랑스,3
2022,귀화,한국계러시아인,16
2022,귀화,헝가리,1
2022,귀화,가나,2
2022,귀화,마다가스카르,1
2022,귀화,모로코,6
2022,귀화,알제리,2
2022,귀화,에티오피아,1
2022,귀화,이집트,2
2022,귀화,콩고민주공화국,1
2022,국적회복,말레이시아,1
2022,국적회복,몽골,6
2022,국적회복,베트남,18
2022,국적회복,사우디아라비아,1
2022,국적회복,싱가포르,2
2022,국적회복,우즈베키스탄,10
2022,국적회복,이란,5
2022,국적회복,인도네시아,12
2022,국적회복,일본,94
2022,국적회복,중국,41
2022,국적회복,캄보디아,3
2022,국적회복,키르기즈,2
2022,국적회복,태국,7
2022,국적회복,타이완,38
2022,국적회복,필리핀,11
2022,국적회복,한국계중국인,73
2022,국적회복,미국,1959
2022,국적회복,캐나다,411
2022,국적회복,베네수엘라,1
2022,국적회복,볼리비아,1
2022,국적회복,브라질,16
2022,국적회복,아르헨티나,14
2022,국적회복,온두라스,1
2022,국적회복,파라과이,5
2022,국적회복,페루,4
2022,국적회복,네덜란드,8
2022,국적회복,노르웨이,1
2022,국적회복,덴마크,2
2022,국적회복,독일,18
2022,국적회복,러시아(연방),7
2022,국적회복,벨기에,4
2022,국적회복,스웨덴,13
2022,국적회복,스위스,6
2022,국적회복,스페인,7
2022,국적회복,아일랜드,1
2022,국적회복,영국,16
2022,국적회복,오스트리아,1
2022,국적회복,이탈리아,3
2022,국적회복,프랑스,6
2022,국적회복,한국계러시아인,8
2022,국적회복,뉴질랜드,67
2022,국적회복,오스트레일리아,130
2022,국적회복,피지,2
2022,국적회복,가봉,1
2023,귀화,네팔,33
2023,귀화,라오스,8
2023,귀화,말레이시아,3
2023,귀화,몽골,111
2023,귀화,미얀마,7
2023,귀화,방글라데시,4
2023,귀화,베트남,3773
2023,귀화,스리랑카,6
2023,귀화,예멘공화국,1
2023,귀화,요르단,2
2023,귀화,우즈베키스탄,95
2023,귀화,이라크,1
2023,귀화,이란,2
2023,귀화,이스라엘,1
2023,귀화,인도,6
2023,귀화,인도네시아,4
2023,귀화,일본,27
2023,귀화,중국,1217
2023,귀화,카자흐스탄,13
2023,귀화,캄보디아,319
2023,귀화,키르기즈,25
2023,귀화,키프로스,0
2023,귀화,타이,109
2023,귀화,타이완,381
2023,귀화,투르크메니스탄,1
2023,귀화,튀르키예,7
2023,귀화,파키스탄,13
2023,귀화,필리핀,240
2023,귀화,한국계중국인,2879
2023,귀화,홍콩,6
2023,귀화,미국,6
2023,귀화,캐나다,6
2023,귀화,과테말라,1
2023,귀화,멕시코,1
2023,귀화,베네수엘라,1
2023,귀화,볼리비아,1
2023,귀화,브라질,3
2023,귀화,콜롬비아,3
2023,귀화,페루,1
2023,귀화,러시아(연방),63
2023,귀화,벨라루스,3
2023,귀화,스웨덴,1
2023,귀화,아제르바이잔,2
2023,귀화,영국,1
2023,귀화,우크라이나,9
2023,귀화,이탈리아,2
2023,귀화,조지아,1
2023,귀화,폴란드,2
2023,귀화,프랑스,1
2023,귀화,한국계러시아인,22
2023,귀화,뉴질랜드,1
2023,귀화,오스트레일리아,1
2023,귀화,니제르,1
2023,귀화,모로코,7
2023,귀화,알제리,1
2023,귀화,이집트,3
2023,귀화,차드,1
2023,귀화,기타,3
2023,국적회복,몽골,8
2023,국적회복,미얀마,1
2023,국적회복,베트남,23
2023,국적회복,싱가포르,1
2023,국적회복,우즈베키스탄,13
2023,국적회복,이란,5
2023,국적회복,이스라엘,1
2023,국적회복,인도네시아,7
2023,국적회복,일본,120
2023,국적회복,중국,47
2023,국적회복,캄보디아,13
2023,국적회복,키르기즈,4
2023,국적회복,타이,9
2023,국적회복,타이완,51
2023,국적회복,튀르키예,1
2023,국적회복,필리핀,14
2023,국적회복,한국계중국인,51
2023,국적회복,홍콩,4
2023,국적회복,미국,2684
2023,국적회복,캐나다,669
2023,국적회복,멕시코,2
2023,국적회복,베네수엘라,1
2023,국적회복,볼리비아,2
2023,국적회복,브라질,12
2023,국적회복,아르헨티나,19
2023,국적회복,파라과이,6
2023,국적회복,네덜란드,10
2023,국적회복,노르웨이,2
2023,국적회복,덴마크,5
2023,국적회복,독일,32
2023,국적회복,러시아(연방),10
2023,국적회복,룩셈부르크,1
2023,국적회복,벨기에,2
2023,국적회복,스웨덴,5
2023,국적회복,스위스,6
2023,국적회복,스페인,9
2023,국적회복,아일랜드,1
2023,국적회복,영국,27
2023,국적회복,영국외지민,1
2023,국적회복,오스트리아,3
2023,국적회복,이탈리아,4
2023,국적회복,프랑스,13
2023,국적회복,한국계러시아인,11
2023,국적회복,뉴질랜드,119
2023,국적회복,오스트레일리아,163
2023,국적회복,피지,2
2023,국적회복,남아프리카공화국,5
2023,국적회복,기타,4
2024,귀화,네팔,37
2024,귀화,라오스,18
2024,귀화,마카오,1
2024,귀화,말레이시아,3
2024,귀화,몽골,79
2024,귀화,미얀마,14
2024,귀화,방글라데시,10
2024,귀화,베트남,2882
2024,귀화,스리랑카,12
2024,귀화,시리아,3
2024,귀화,아프가니스탄,2
2024,귀화,예멘공화국,2
2024,귀화,요르단,2
2024,귀화,우즈베키스탄,97
2024,귀화,이란,11
2024,귀화,인도,6
2024,귀화,인도네시아,8
2024,귀화,일본,24
2024,귀화,중국,1195
2024,귀화,카자흐스탄,27
2024,귀화,캄보디아,306
2024,귀화,키르기즈,41
2024,귀화,키프로스,1
2024,귀화,타이,142
2024,귀화,타이완,363
2024,귀화,타지키스탄,1
2024,귀화,투르크메니스탄,1
2024,귀화,튀르키예,15
2024,귀화,파키스탄,15
2024,귀화,필리핀,281
2024,귀화,한국계중국인,3816
2024,귀화,홍콩,18
2024,귀화,미국,7
2024,귀화,캐나다,2
2024,귀화,앤티카바부다,1
2024,귀화,온두라스,1
2024,귀화,콜롬비아,2
2024,귀화,쿠바,1
2024,귀화,파라과이,1
2024,귀화,페루,1
2024,귀화,독일,1
2024,귀화,러시아(연방),89
2024,귀화,루마니아,2
2024,귀화,몰도바,1
2024,귀화,벨라루스,2
2024,귀화,스웨덴,1
2024,귀화,슬로바크,1
2024,귀화,아르메니아,1
2024,귀화,아일랜드,1
2024,귀화,영국외지민,3
2024,귀화,우크라이나,8
2024,귀화,프랑스,3
2024,귀화,한국계러시아인,46
2024,귀화,오스트레일리아,1
2024,귀화,나이지리아,1
2024,귀화,모로코,7
2024,귀화,부르키나파소,1
2024,귀화,알제리,2
2024,귀화,에티오피아,3
2024,귀화,이집트,1
2024,귀화,케냐,1
2024,귀화,기타,1
2024,국적회복,몽골,7
2024,국적회복,베트남,20
2024,국적회복,싱가포르,1
2024,국적회복,우즈베키스탄,8
2024,국적회복,이란,6
2024,국적회복,인도네시아,12
2024,국적회복,일본,113
2024,국적회복,중국,39
2024,국적회복,캄보디아,1
2024,국적회복,키르기즈,2
2024,국적회복,타이,4
2024,국적회복,타이완,32
2024,국적회복,튀르키예,2
2024,국적회복,필리핀,9
2024,국적회복,한국계중국인,53
2024,국적회복,미국,2298
2024,국적회복,캐나다,610
2024,국적회복,볼리비아,1
2024,국적회복,브라질,13
2024,국적회복,아르헨티나,10
2024,국적회복,엘살바도르,2
2024,국적회복,우루과이,1
2024,국적회복,칠레,1
2024,국적회복,파라과이,2
2024,국적회복,페루,1
2024,국적회복,그리스,1
2024,국적회복,네덜란드,2
2024,국적회복,독일,24
2024,국적회복,러시아(연방),26
2024,국적회복,스웨덴,4
2024,국적회복,스위스,3
2024,국적회복,스페인,12
2024,국적회복,영국,24
2024,국적회복,이탈리아,1
2024,국적회복,프랑스,11
2024,국적회복,핀란드,1
2024,국적회복,한국계러시아인,11
2024,국적회복,헝가리,1
2024,국적회복,뉴질랜드,95
2024,국적회복,바누아투,1
2024,국적회복,오스트레일리아,133
2024,국적회복,피지,2
2024,국적회복,무국적,7
